{
    "name": "LiquidCrystal",
    "keywords": "lcd, hd44780",
    "description": "LiquidCrystal Library is faster and extensable, compatible with the original LiquidCrystal library",
    "authors": {
        "name": "F Malpartida",
        "url": "https://bitbucket.org/fmalpartida"
    },
    "repository":
    {
      "type": "git",
      "url": "https://bitbucket.org/fmalpartida/new-liquidcrystal"
    },
    "version": "1.3.4",
    "exclude": ["def", "thirdparty libraries", "utility/docs", "doxygen*"],
    "frameworks": "arduino",
    "platforms": "atmelavr,espressif8266"
}
